1;Dwight Jennings;424724;M;Eindhoven;30-3-1960;119535;Tilburg;1-10-2011;1-10-2027;Principal Consultant;0.8FTE
2;Claire Delaunay;142764;F;eindhoven;10-10-1962;125023;Tilburg;1-10-2011;1-10-2028;Principal Consultant;1.0FTE
3;Dilay Taşkın, Ph.D.;884014;M;Tilburg;10-10-1962;125623;Tilburg;9-11-2015;1-08-2025;Principal Consultant    ;1.0FTE
4;Ken Kennedy;MW0005;Man;Tilburg;12-2-1963;125600;Tilburg;1-11-2009;1-11-2010;Principal Consultant;1.0FTE
5;Michiel Schoots;700804;M;Amsterdam;15-3-1965;68250;Tilburg;1-11-2011;1-12-2016;Consultant;1.0FTE
6;Zoë Vermeulen;910152;V;Breda;20-11-1977;75161;Tilburg;1-7-2019;1-10-2021;-;0.5FTE
7;Lynn de Haan;910110;V;Son;27-8-1978;78921;Tilburg;1-5-2017;;-;1.0FTE
8;Zeynep Selçuk, Ph.D.;100115;V;Tilburg;4-10-1978;94323;Tilburg;1-4-2021;1-08-2025;Senior Consultant       ;1.0FTE
9;Tamer İhsan Ertuğrul;MW0008;Man;Breda;5-9-1979;128723;Tilburg;1-11-2009;1-11-2024;Principal Consultant    ;1.0FTE
10;Crystal Marshall;679288;F;Eindhoven;28-4-1980;68008;Tilburg;1-9-2013;;Senior Consultant;1.0FTE
11;Noor de Bruijn;910314;V;tilburg;14-4-1981;75881;Tilburg;1-5-2018;;-;0.5FTE
12;Gordon Wendall;230798;M;Eindhoven;26-5-1982;49001;Tilburg;1-7-2015;;Junior Consultant;1.0FTE
13;William Spader;MW0013;Man;'s-Hertogenbosch;16-11-1982;72404;Tilburg;1-11-2009;;Consultant  ;0.9FTE
14;Fiona Andrews;760763;F;Eindhoven;10-7-1983;52443;Tilburg;1-3-2014;;Consultant;0.8FTE
15;Douglas Stone;780608;M;eindhoven;16-8-1983;46815;Tilburg;1-2-2016;;Consultant;0.8FTE
16;Marty Webber;MW0121;Man;Eindhoven;15-10-1983;48124;Tilburg;1-8-2010;;Junior Consultant;0.5FTE
17;Kimberly Lewis;820656;F;Eindhoven;25-11-1983;59721;Tilburg;1-6-2011;;Consultant;0.5FTE
18;Barış Erem Alişoğlu;551991;M;Tilburg;10-1-1984;69715;Tilburg;1-4-2017;1-08-2025;Senior Consultant       ;1.0FTE
19;Jo Wright;203738;F;Tilburg;11-4-1984;49103;Tilburg;1-8-2014;;Consultant;1.0FTE
20;Jens van den Broek;910233;M;Eindhoven;25-4-1984;76661;Tilburg;1-2-2014;;-;0.4FTE
21;Fanny Washington;244031;F;Eindhoven;17-7-1984;72744;Tilburg;1-7-2012;;Consultant;1.0FTE
22;Zoe Dickinson;246732;F;Drunen;12-4-1985;56718;Tilburg;1-6-2013;;Consultant;1.0FTE
23;Chantal de Vries;MW0011;Vrouw;Oss;28-3-1972;92258;Tilburg;1-11-2009;;Senior Consultant;1.0FTE
24;Phillip Warner;217566;M;eindhoven;17-9-1974;65395;Tilburg;1-6-2014;1-1-2015;Senior Consultant ;1.0FTE
25;Pavel Durov;MW0107;Man;Zoetermeer;1-1-1970;99425;Tilburg;5-5-2015;;Senior Consultant;0.5FTE
26;Reuben Cartwright;311550;M;Vught;25-11-1974;69715;Tilburg;1-2-2013;1-1-2015;Senior Consultant ;0.5FTE
27;Yancy Pine;MW0014;Man;Tilburg;8-2-1976;93246;Tilburg;1-11-2009;;Senior Consultant;0.5FTE
28;Oliver Washington;525619;M;R'dam;18-10-1976;96208;Tilburg;1-4-2014;;Senior Consultant;0.8FTE
29;Gail Thompson;282247;F;Eindhoven;2-4-1977;67253;Tilburg;1-5-2011;;Senior Consultant;1.0FTE
30;Vince van de Veen;910213;M;Den Bosch;2-1-1992;84467;Tilburg;1-9-2020;;-;1.0FTE
31;Bart Cline;480367;M;Eindhoven;6-2-1992;41231;Tilburg;1-10-2013;;Junior Consultant;0.6FTE
32;Diana Davenport;753127;F;Breda;27-9-1993;46603;Tilburg;1-6-2014;;Junior Consultant;1.0FTE
33;Rose Maple;183139;F;Eindhoven;3-8-1994;46846;Tilburg;1-4-2016;;Junior Consultant;0.5FTE
34;Aram Jacobs;910088;M;Eindhoven;11-5-1995;53210;Tilburg;1-8-2014;1-8-2017;-;0.2FTE
35;Tijn Kok;910051;M;Tilburg;20-9-1997;58979;Tilburg;1-2-2018;;-;0.4FTE
36;Sam van den Heuvel;910184;U;Eindhoven;25-10-1998;66157;Tilburg;1-2-2015;;-;0.5FTE
37;Mashall Bates;780861;M;Eindhoven;24-7-1977;84508;Tilburg;1-8-2013;1-11-2015;Senior Consultant;1.0FTE
38;Diana Atwood;186628;F;eindhoven;10-11-1977;89679;Tilburg;1-11-2011;1-11-2018;Senior Consultant   ;1.0FTE
39;Steven May;MW0018;Man;Boxtel         ;25-5-1985;64484;Tilburg;1-5-2010;;Consultant;1.0FTE
40;Ernie Marsh;282169;M;Breda;27-10-1985;74761;Tilburg;1-6-2014;30-6-2014;Consultant;1.0FTE
41;Isaac Kirkpatrick;287598;M;Oss;14-12-1985;55482;Tilburg;12-10-2012;;Consultant;1.0FTE
42;Amos Dickens;230206;M;Utrecht;4-9-1986;41776;Tilburg;1-10-2012;30-11-2012;Junior Consultant;0.8FTE
43;David Davis;288671;M;eindhoven;15-8-1987;38438;Tilburg;1-10-2015;;Junior Consultant   ;0.5FTE
44;Marvin Verne;MW0118;Man;Rotterdam;11-10-1987;47264;Tilburg;1-8-2010;1-11-2019;Junior Consultant;1.0FTE
45;Jace Holloway;194594;M;Eindhoven;20-12-1987;89390;Tilburg;1-7-2015;1-8-2017;Senior Consultant  ;1.0FTE
46;Harry Nelson;217266;M;Helmond;3-5-1988;40250;Tilburg;1-6-2014;;Junior Consultant;0.5FTE
47;Benjamin Reynolds;291117;M;Eindhoven;21-10-1988;48006;Tilburg;1-5-2011;;Junior Consultant;1.0FTE
48;Mine Yaşlı;181001;V;Tilburg;7-5-1989;44104;Tilburg;3-12-2017;1-08-2025;Junior Consultant       ;0.9FTE
49;Avery Baker;854863;U;Breda;23-7-1989;43121;Tilburg;1-9-2012;;Junior Consultant;1.0FTE
50;Vicky McCoy;158685;F;Turnhout, BE;29-7-1989;44104;Tilburg;1-5-2013;;Junior Consultant;1.0FTE
51;Tim Redford;529775;M;Eindhoven;28-10-1989;42844;Tilburg;1-9-2012;1-1-2015;Junior Consultant;0.8FTE
