Invoice,Project,Month,AmountInvoiced,AmountPaid
INV2024-37-1,RET00360090,1,10368,10368
INV2024-52-1,RET00410058,1,6324,0
INV2024-35-1,RET00570074,1,41660,41660
INV2024-37-2,RET00360090,2,9161,9161
INV2024-52-2,RET00410058,2,7072,13396
INV2024-35-2,RET00570074,2,40259,40259
INV2024-32-2,RET00640025,2,3147,3147
INV2024-37-3,RET00360090,3,9940,9940
INV2024-37-4,RET00360090,4,9325,0
INV2024-37-5,RET00360090,5,10528,0
INV2024-37-6,RET00360090,6,8800,0
INV2024-37-7,RET00360090,7,6489,0
INV2024-37-8,RET00360090,8,7108,0
INV2024-5-7,RET00810014,7,24424,24424
INV2024-5-8,RET00810014,8,24032,10000
INV2024-5-9,RET00810014,9,21814,0
INV2024-52-3,RET00410058,3,7004,0
INV2024-52-4,RET00410058,4,6325,0
INV2024-52-5,RET00410058,5,6868,20196
INV2024-35-3,RET00570074,3,40175,40175
INV2024-35-4,RET00570074,4,41602,41602
INV2024-35-5,RET00570074,5,35758,35758
INV2024-35-6,RET00570074,6,32506,32506
INV2024-35-7,RET00570074,7,21348,0
INV2024-35-9,RET00570074,9,25197,0
INV2024-32-3,RET00640025,3,14203,14203
INV2024-32-4,RET00640025,4,12913,12913
INV2024-32-5,RET00640025,5,12725,12725
INV2024-32-6,RET00640025,6,12913,12913
INV2024-32-7,RET00640025,7,9410,9410
INV2024-32-8,RET00640025,8,7687,0
INV2024-32-9,RET00640025,9,12170,0
INV2024-12-9,RET00720011,9,2000,0
INV2024-34-7,RET00820079,7,7030,7030
INV2024-34-8,RET00820079,8,9700,7030
INV2024-34-9,RET00820079,9,9700,0

