Week,Project,Consultant,Hours
1,RET00360090,Daniela Rus,5
1,RET00360090,Zoe Dickinson,25
2,RET00360090,Daniela Rus,2
2,RET00360090,Zoe Dickinson,22
3,RET00360090,Daniela Rus,3
3,RET00360090,Zoe Dickinson,21
4,RET00360090,Daniela Rus,4
4,RET00360090,Zoe Dickinson,22
5,RET00360090,Daniela Rus,2
5,RET00360090,Zoe Dickinson,21
6,RET00360090,Daniela Rus,3
6,RET00360090,Zoe Dickinson,18
7,RET00360090,Daniela Rus,2
7,RET00360090,Zoe Dickinson,19
8,RET00360090,Daniela Rus,4
8,RET00360090,Zoe Dickinson,21
9,RET00360090,Daniela Rus,3
9,RET00360090,Zoe Dickinson,18
10,RET00360090,Daniela Rus,3
10,RET00360090,Zoe Dickinson,20
11,RET00360090,Daniela Rus,4
11,RET00360090,Zoe Dickinson,24
12,RET00360090,Daniela Rus,4
12,RET00360090,Zoe Dickinson,21
13,RET00360090,Daniela Rus,2
13,RET00360090,Zoe Dickinson,17
14,RET00360090,Daniela Rus,3
14,RET00360090,Zoe Dickinson,21
15,RET00360090,Daniela Rus,2
15,RET00360090,Zoe Dickinson,19
16,RET00360090,Daniela Rus,3
16,RET00360090,Zoe Dickinson,25
17,RET00360090,Daniela Rus,4
17,RET00360090,Zoe Dickinson,24
18,RET00360090,Daniela Rus,3
18,RET00360090,Zoe Dickinson,20
19,RET00360090,Daniela Rus,3
19,RET00360090,Zoe Dickinson,23
20,RET00360090,Daniela Rus,4
20,RET00360090,Zoe Dickinson,22
21,RET00360090,Daniela Rus,3
21,RET00360090,Zoe Dickinson,19
22,RET00360090,Daniela Rus,4
22,RET00360090,Zoe Dickinson,21
23,RET00360090,Daniela Rus,3
23,RET00360090,Zoe Dickinson,18
24,RET00360090,Daniela Rus,2
24,RET00360090,Zoe Dickinson,16
25,RET00360090,Daniela Rus,3
25,RET00360090,Zoe Dickinson,19
26,RET00360090,Daniela Rus,2
26,RET00360090,Zoe Dickinson,16
27,RET00360090,Daniela Rus,2
27,RET00360090,Zoe Dickinson,22
30,RET00360090,Daniela Rus,3
30,RET00360090,Zoe Dickinson,19
1,RET00410058,Ivan Harris,22
2,RET00410058,Ivan Harris,23
3,RET00410058,Ivan Harris,25
4,RET00410058,Ivan Harris,23
5,RET00410058,Ivan Harris,28
6,RET00410058,Ivan Harris,25
7,RET00410058,Ivan Harris,26
8,RET00410058,Ivan Harris,25
9,RET00410058,Ivan Harris,26
10,RET00410058,Ivan Harris,25
11,RET00410058,Ivan Harris,26
12,RET00410058,Ivan Harris,27
13,RET00410058,Ivan Harris,22
14,RET00410058,Ivan Harris,21
15,RET00410058,Ivan Harris,25
16,RET00410058,Ivan Harris,25
17,RET00410058,Ivan Harris,26
18,RET00410058,Ivan Harris,25
19,RET00410058,Ivan Harris,23
20,RET00410058,Ivan Harris,28
1,RET00570074,Avery Baker,28
1,RET00570074,Daniela Rus,29
1,RET00570074,Nick Woodall,26
1,RET00570074,Zoe Dickinson,25
2,RET00570074,Avery Baker,28
2,RET00570074,Daniela Rus,30
2,RET00570074,Nick Woodall,25
2,RET00570074,Zoe Dickinson,24
3,RET00570074,Avery Baker,29
3,RET00570074,Daniela Rus,29
3,RET00570074,Nick Woodall,23
3,RET00570074,Zoe Dickinson,21
4,RET00570074,Avery Baker,28
4,RET00570074,Daniela Rus,28
4,RET00570074,Nick Woodall,26
4,RET00570074,Zoe Dickinson,24
5,RET00570074,Avery Baker,28
5,RET00570074,Daniela Rus,30
5,RET00570074,Nick Woodall,24
5,RET00570074,Zoe Dickinson,25
6,RET00570074,Avery Baker,29
6,RET00570074,Daniela Rus,29
6,RET00570074,Nick Woodall,20
6,RET00570074,Zoe Dickinson,20
7,RET00570074,Avery Baker,29
7,RET00570074,Daniela Rus,30
7,RET00570074,Nick Woodall,22
7,RET00570074,Zoe Dickinson,24
8,RET00570074,Avery Baker,29
8,RET00570074,Daniela Rus,28
8,RET00570074,Nick Woodall,19
8,RET00570074,Zoe Dickinson,23
9,RET00570074,Avery Baker,30
9,RET00570074,Daniela Rus,29
9,RET00570074,Nick Woodall,19
9,RET00570074,Zoe Dickinson,20
10,RET00570074,Avery Baker,30
10,RET00570074,Daniela Rus,29
10,RET00570074,Nick Woodall,26
10,RET00570074,Zoe Dickinson,22
11,RET00570074,Avery Baker,29
11,RET00570074,Daniela Rus,28
11,RET00570074,Nick Woodall,21
11,RET00570074,Zoe Dickinson,26
12,RET00570074,Avery Baker,29
12,RET00570074,Daniela Rus,28
12,RET00570074,Nick Woodall,23
12,RET00570074,Zoe Dickinson,21
13,RET00570074,Avery Baker,29
13,RET00570074,Daniela Rus,30
13,RET00570074,Nick Woodall,20
13,RET00570074,Zoe Dickinson,21
14,RET00570074,Avery Baker,30
14,RET00570074,Daniela Rus,29
14,RET00570074,Nick Woodall,26
14,RET00570074,Zoe Dickinson,26
15,RET00570074,Avery Baker,29
15,RET00570074,Daniela Rus,30
15,RET00570074,Nick Woodall,24
15,RET00570074,Zoe Dickinson,21
16,RET00570074,Avery Baker,29
16,RET00570074,Daniela Rus,29
16,RET00570074,Nick Woodall,25
16,RET00570074,Zoe Dickinson,25
17,RET00570074,Avery Baker,29
17,RET00570074,Daniela Rus,28
17,RET00570074,Nick Woodall,22
17,RET00570074,Zoe Dickinson,26
18,RET00570074,Daniela Rus,29
18,RET00570074,Nick Woodall,23
18,RET00570074,Zoe Dickinson,24
19,RET00570074,Avery Baker,1
19,RET00570074,Daniela Rus,29
19,RET00570074,Nick Woodall,25
19,RET00570074,Zoe Dickinson,27
20,RET00570074,Daniela Rus,28
20,RET00570074,Nick Woodall,21
20,RET00570074,Zoe Dickinson,26
21,RET00570074,Daniela Rus,29
21,RET00570074,Nick Woodall,21
21,RET00570074,Zoe Dickinson,24
22,RET00570074,Daniela Rus,28
22,RET00570074,Nick Woodall,23
22,RET00570074,Zoe Dickinson,21
23,RET00570074,Daniela Rus,29
23,RET00570074,Nick Woodall,21
23,RET00570074,Zoe Dickinson,24
24,RET00570074,Daniela Rus,30
24,RET00570074,Nick Woodall,23
24,RET00570074,Zoe Dickinson,22
25,RET00570074,Daniela Rus,29
25,RET00570074,Nick Woodall,20
25,RET00570074,Zoe Dickinson,26
26,RET00570074,Daniela Rus,30
26,RET00570074,Nick Woodall,5
26,RET00570074,Zoe Dickinson,21
28,RET00570074,Daniela Rus,29
28,RET00570074,Nick Woodall,4
28,RET00570074,Zoe Dickinson,26
29,RET00570074,Daniela Rus,31
29,RET00570074,Nick Woodall,3
29,RET00570074,Zoe Dickinson,24
30,RET00570074,Daniela Rus,29
30,RET00570074,Nick Woodall,4
30,RET00570074,Zoe Dickinson,22